"Office","State","District","City","Party","Spent","Received","Debt","Contribution","Win"
"H","GA",12,"AUGUSTA","REP",1094022.76,978518.98,1125000,1074949.5,"Yes"
"H","FL",4,"JACKSONVILLE","REP",711287.85,675642.76,60000,650855.38,"Yes"
"H","CA",13,"OAKLAND","DEM",1209811.57,1112163.94,4401.75,1205863.61,"Yes"
"H","ME",1,"NORTH HAVEN","DEM",575086.98,243655.52,20000,573557.98,"Yes"
"H","FL",1,"FORT WALTON BEACH","REP",1067163.89,1021759.23,120000,952163.89,"Yes"
"H","MO",3,"ST ELIZABETH","REP",1834188.31,858354.38,1050000,1809804.99,"Yes"
"H","FL",19,"TAMPA","REP",5004298.85,4722777.88,450000,4554012.5,"Yes"
"H","MO",6,"TARKIO","REP",1463278.61,1279592.77,5522.41,1422218.45,"Yes"
"H","DE",0,"WILMINGTON","DEM",1373250.58,1163965.1,310600,908738.58,"Yes"
"H","IL",7,"CHICAGO","DEM",505137.99,498709.8,58954.71,505107.32,"Yes"
"H","FL",2,"TALLAHASSEE","REP",1894525.52,1810067.89,294601.3,1299519.52,"Yes"
"H","NC",11,"HENDERSONVILLE","REP",583256.41,530763.44,100500,580005.32,"Yes"
"H","WI",8,"GREEN BAY","REP",2389320.14,1974232.25,13131.54,2389320.14,"Yes"
"H","MD",5,"WASHINGTON","DEM",3550021.94,3515306.63,1337.89,3287891.58,"Yes"
"H","OH",16,"WADSWORTH","REP",1976931.07,1276242.44,249073.96,1951781.39,"Yes"
"H","CA",18,"SACRAMENTO","DEM",1286712.18,1140822.38,6463.5,1283387.57,"Yes"
"H","OH",8,"TROY","REP",940065.93,798275.07,250000,686496.78,"Yes"
"H","NC",2,"RALEIGH","REP",2631853.64,2613272.1,234300,2529595.6,"Yes"
"H","MD",4,"BOWIE","DEM",1571584.57,1361852.66,51000,1162306.44,"Yes"
"H","PA",12,"SEWICKLEY","REP",1594954.75,1454905.03,194822.54,1495423.71,"Yes"
"H","KY",1,"TOMPKINSVILLE","REP",1066305.46,928011.79,1e+05,964432.08,"Yes"
"H","OH",14,"NOVELTY","REP",2020065.84,1857857.07,25000,2020065.84,"Yes"
"H","GA",4,"DECATUR","DEM",451516.11,408975.32,6211.2,451286.69,"Yes"
"H","MI",10,"DRYDEN","REP",3880048.12,3739795.26,3132610,745418.45,"Yes"
"H","CA",14,"BURLINGAME","DEM",828328.53,576794.76,2490.65,823026.64,"Yes"
"H","FL",6,"PONTE VEDRA BEACH","REP",4909124.13,3707018.82,938.75,4799868.04,"Yes"
"H","IL",1,"CHICAGO","DEM",565580,569711.54,25589.43,565280,"Yes"
"H","KY",3,"HARRODS CREEK","DEM",620938.79,612024.7,132262.4,619129.04,"Yes"
"H","LA",5,"ARCHIBALD","REP",576243.18,294167.99,75000,557945.86,"Yes"
"H","IA",3,"VAN METER","REP",2374075.83,1669914.45,262400,2189722.19,"Yes"
"H","NY",27,"CLARENCE","REP",1092436.58,507722.48,5e+05,1083815.09,"Yes"
"H","OR",1,"BEAVERTON","DEM",887161.06,744398.82,150000,886403.15,"Yes"
"H","GA",3,"WEST POINT","REP",1188628.98,1060781.86,15000,1188520.34,"Yes"
"H","PA",8,"LANGHORNE","REP",1817132.96,1424269.43,33434.5,1815629.18,"Yes"
"H","VA",5,"SCOTTSVILLE","REP",527632.44,441552.39,23000,493489.09,"Yes"
"H","IA",1,"DUBUQUE","REP",2247137.68,1538023.25,614119,1727598.36,"Yes"
"H","MI",8,"ROCHESTER","REP",1454331.83,1153647.38,20000,1446985.15,"Yes"
"H","WI",6,"FOND DU LAC","REP",991704.87,756961.15,130160,983092.1,"Yes"
"H","IN",3,"COLUMBIA CITY","REP",1594659.81,1375414.83,54057.98,1594659.81,"Yes"
"H","MI",1,"WATERSMEET","REP",1128530.63,1003000.95,399942.4,742869.97,"Yes"
"H","FL",18,"STUART","REP",2361442.76,1965591.45,9499.36,2248442.59,"Yes"
"H","VA",3,"NEWPORT NEWS","DEM",665302.05,577616.15,3191.43,661517.05,"Yes"
"H","TN",7,"BRENTWOOD","REP",2036058.7,1272741.83,7402.28,2016286.49,"Yes"
"H","FL",10,"ORLANDO","DEM",1351988.98,1296347.15,25190.14,1340971.46,"Yes"
"H","LA",2,"NEW ORLEANS","DEM",1325861.27,756772.56,8000,1323574.61,"Yes"
"H","MI",13,"DETROIT","DEM",605180.61,587087.19,29848.6,601235.45,"Yes"
"H","NC",13,"ADVANCE","REP",483820,420335.99,50000,433820,"Yes"
"H","CA",4,"ROSEVILLE","REP",996374.56,863592.82,3821.48,995363,"Yes"
"H","PA",11,"HAZLETON","REP",1205316.17,753135.26,111320,1163619.35,"Yes"
"H","MI",4,"MIDLAND","REP",959446.52,664622.16,169737.71,938124.06,"Yes"
"H","OH",7,"LAKEVILLE","REP",879499.05,618691.51,10000,879396.71,"Yes"
"H","FL",5,"TALLAHASSEE","DEM",342874.89,239804.03,131458.34,241573.24,"Yes"
"H","TN",8,"GERMANTOWN","REP",1225220.33,971165.09,512459.23,998531,"Yes"
"H","CT",1,"EAST HARTFORD","DEM",1541135.06,1392479.03,22627.27,1528311.36,"Yes"
"H","NJ",11,"MORRISTOWN","REP",1887451.71,1377702.82,441079,1834819.94,"Yes"
"H","ME",2,"OAKLAND","REP",3235527.26,2210965.65,2e+05,3176610.3,"Yes"
"H","NC",9,"CHARLOTTE","REP",1041464.31,1093317.73,897088.32,708966.88,"Yes"
"H","OH",3,"BLACKLICK","DEM",1070610.69,617640.16,27500,1063735.86,"Yes"
"H","NY",13,"NEW YORK","DEM",774015.23,635931.43,75253.77,773929.01,"Yes"
"H","FL",13,"ST. PETERSBURG","DEM",1594194.87,1425045.22,38700,1555149.87,"Yes"
"H","NJ",7,"COLONIA","REP",1029365.54,1030778.3,68493.85,1028345.54,"Yes"
"H","NV",2,"CARSON CITY","REP",792349.56,775713.02,9000,784517.02,"Yes"
"H","FL",7,"WINTER PARK","DEM",777543.52,603345.23,16000,760830.56,"Yes"
"H","TX",25,"AUSTIN","REP",1663233.82,1106588.36,7513.77,1403676.28,"Yes"
"H","TX",10,"AUSTIN","REP",1665127.94,1503453.51,105000,1615019,"Yes"
"H","NJ",1,"CAMDEN","DEM",2279813.41,2018985.66,234661.83,2027685.6,"Yes"
"H","OR",5,"CANBY","DEM",1788129.51,1459029.09,33750,1723579.8,"Yes"
"H","NJ",3,"TOMS RIVER","REP",1803687.96,1606286.53,728921.31,1579059.23,"Yes"
"H","WA",1,"BOTHELL","DEM",1928448.37,1431643.64,498052.04,1870977.4,"Yes"
"H","TN",3,"CHATTANOOGA","REP",1596379.7,1051967.76,15137.5,1593694.14,"Yes"
"H","SC",5,"INDIAN LAND","REP",1175146.83,866579.69,88600,1173573.41,"Yes"
"H","CT",5,"CHESHIRE","DEM",1877000.94,900079.29,149250,1876155.35,"Yes"
"H","MS",4,"BILOXI","REP",737293.1,502593.19,2500,736576.28,"Yes"
"H","IN",9,"JEFFERSONVILLE","REP",3106170.75,3024056.06,1272120.01,332670.75,"Yes"
"H","CA",5,"NAPA","DEM",1865866.37,1698771,16130.07,1846790.05,"Yes"
"H","VA",2,"VIRGINIA BEACH","REP",704733.27,482422.91,34085.98,666601.27,"Yes"
"H","CA",19,"SAN JOSE","DEM",1335320.36,944066.05,6075.34,1319088.33,"Yes"
"H","WA",5,"SPOKANE","REP",2997876,2995771,15741,2482182,"Yes"
"H","IL",12,"MURPHYSBORO","REP",2248010.18,2113634.92,29500,2217746.65,"Yes"
"H","NJ",2,"VENTNOR","REP",1469989.03,1156484.64,24114.12,1455618.51,"Yes"
"H","PA",16,"LANCASTER","REP",1532343.61,1437391.72,551322.95,881536.34,"Yes"
"H","MD",6,"POTOMAC","DEM",1675981.05,1451293.34,983250,1602913.06,"Yes"
"H","NJ",12,"WASHINGTON","DEM",1042804.88,685372.5,7550,1042694.38,"Yes"
"H","WV",1,"WHEELING","REP",1050834.04,907206.26,415000,1050834.04,"Yes"
"H","TX",14,"FRIENDSWOOD","REP",583386.09,492292.85,144000,583125.24,"Yes"
"H","CA",30,"SHERMAN OAKS","DEM",1441053.78,470582.92,9874.34,1427285.46,"Yes"
"H","WA",10,"OLYMPIA","DEM",1474492.62,904382.84,325000,1471686.23,"Yes"
"H","AZ",6,"FOUNTAIN HILLS","REP",749649.98,722431.87,147918.62,499491.84,"Yes"
"H","NY",7,"BROOKLYN","DEM",720083.8,898023.83,7736.52,720083.8,"Yes"
"H","AZ",5,"GILBERT","REP",877621.19,807788.79,318798.82,603887.63,"Yes"
"H","IL",11,"NAPERVILLE","DEM",2768597.89,1363367.14,1131454.72,2768191.19,"Yes"
"H","UT",1,"BRIGHAM CITY","REP",953572.8,647963.7,43859.2,953494.24,"Yes"
"H","NY",3,"JERICHO","DEM",2100279.34,1771065.81,30786.45,2085114.81,"Yes"
"H","PA",17,"SCRANTON","DEM",910963.12,740867.4,415000,883482.83,"Yes"
"H","TX",9,"HOUSTON","DEM",641678.99,550373.98,50000,528106.92,"Yes"
"H","NJ",9,"TEANECK","DEM",1609298.9,1074702.16,20000,1608405.39,"Yes"
"H","CA",23,"BAKERSFIELD","REP",7530059.03,7509497.46,10000,4437636.51,"Yes"
"H","TX",17,"BRYAN","REP",1699740.88,1586633.14,11900,1669025.27,"Yes"
"H","NY",18,"NEWBURGH","DEM",3488071.6,1461156.5,903.66,3441310.6,"Yes"
"H","CA",52,"SAN DIEGO","DEM",3390677.72,2153627.02,250000,3342555.94,"Yes"
"H","NV",3,"HENDERSON","DEM",1326755.02,1173662.73,15000,1291755.02,"Yes"
"H","CA",6,"SACRAMENTO","DEM",1055474.27,922804.65,1400,1055275.61,"Yes"
"H","HI",1,"HONOLULU","DEM",813299.23,403738.91,2e+05,813299.23,"Yes"
"H","CA",42,"CORONA","REP",1415665.32,1055228.31,2370.5,1408849.49,"Yes"
"H","WV",3,"HUNTINGTON","REP",1216893.59,501937.63,5045.46,1216575.19,"Yes"
"H","CA",39,"FULLERTON","REP",3917823.76,2974147.02,89025.58,3782359.87,"Yes"
"H","CA",17,"SANTA CLARA","DEM",3508019.75,3327336.15,280805.01,3500234.23,"Yes"
"H","NE",2,"PAPILLION","REP",1264140.94,1034623.34,25000,1264140.94,"Yes"
"H","RI",2,"WARWICK","DEM",1105504.4,697770.6,22001.76,1094217.66,"Yes"
"H","CA",7,"ELK GROVE","DEM",3665912.7,3387820.43,319800,3661038.65,"Yes"
"H","NV",4,"LAS VEGAS","DEM",1890902.2,1846747.07,18456,1866351.7,"Yes"
"H","CA",43,"LOS ANGELES","DEM",819617.3,721817.17,74165.15,619547.3,"Yes"
"H","WA",4,"SUNNYSIDE","REP",1207493.81,893295.97,40657.98,1186207.48,"Yes"
"H","NY",22,"UTICA","REP",725135.73,607653.09,170000,664677.78,"Yes"
"H","NV",1,"LAS VEGAS","DEM",880491.35,730865.23,5000,879865.33,"Yes"
"H","CA",10,"TURLOCK","REP",2752532,2690220.25,1355.56,2612949.11,"Yes"
"H","CA",51,"SAN DIEGO","DEM",1065361.37,905936.67,1300,934578.59,"Yes"
"H","CA",9,"STOCKTON","DEM",1146216.46,985595.98,2954.15,1144114.88,"Yes"
"H","CA",46,"SANTA ANA","DEM",845400.97,717395.5,12990.04,841830.92,"Yes"
"H","TX",15,"MCALLEN","DEM",2342173,2233828.65,5e+05,492173,"Yes"
"H","TX",29,"HOUSTON","DEM",1735678.83,1812940.85,200,1734689.68,"Yes"
"H","CA",32,"NORWALK","DEM",725811.69,807996.32,125.62,716355,"Yes"
"H","LA",3,"BREAUX BRIDGE","REP",1350847.67,1009934.43,250000,1100481.91,"Yes"
"H","AZ",7,"PHOENIX","DEM",1025225.14,669300.92,2500,1025225.14,"Yes"
"H","LA",4,"BENTON","REP",606029.98,464930.06,31500,556029.98,"Yes"
"H","CA",44,"SAN PEDRO","DEM",1467746.29,1225625.44,13277.89,1467446.28,"Yes"
"H","IL",10,"DEERFIELD","DEM",4415864.47,4270373.18,130000,4277241.68,"Yes"
"H","CA",35,"SAN DIMAS","REP",3747.65,3747.65,245,3502.65,"No"
"H","CA",15,"LIVERMORE","REP",632.75,632.75,100,532.75,"No"
"S","KS",0,"LAWRENCE","DEM",35026,29603,20000,15026,"No"
"S","OR",0,"MEDFORD","DEM",8735,8733,702,5735,"No"
"S","HI",0,"HONOLULU","REP",53945,40579,18187,31943,"No"
"H","WA",6,"WESTPORT","IND",9054,9171,5000,3054,"No"
"H","MI",12,"TAYLOR","REP",38375,8701,60000,18375,"No"
"H","OH",12,"HEATH","DEM",28043.95,18413.17,1000,27043.95,"No"
"H","MA",9,"EAST FALMOUTH","REP",260720.8,205609.17,62464.2,218720.8,"No"
"H","CA",9,"LODI","REP",48462.25,34903.58,16994.59,48462.25,"No"
"H","CA",49,"VISTA","DEM",1261991.17,975048.75,33543.98,1260961.06,"No"
"H","MD",5,"PORT REPUBLIC","REP",49219.79,42132.3,26900,22319.79,"No"
"S","GA",0,"ATLANTA","DEM",4912063,4772457,1694919,511797,"No"
"H","TX",27,"CORPUS CHRISTI","DEM",22558.99,20852.64,2382.46,19411.53,"No"
"H","TX",18,"HOUSTON","REP",33772.87,34366.17,102791.61,29593.87,"No"
"H","VA",10,"MCLEAN","DEM",2211534.46,2128900.61,90000,2121534.46,"No"
"H","SC",2,"COLUMBIA","DEM",62337.64,53424.21,5000,62237.64,"No"
"H","WA",6,"TACOMA","REP",11056,6702,2622,8435,"No"
"H","AL",5,"FLORENCE","DEM",55906.93,54923.85,2893.2,52983.73,"No"
"H","TX",2,"HOUSTON","DEM",14181.94,13548.18,11323.2,120,"No"
"H","NC",11,"BRYSON CITY","DEM",43090,30278.11,11550,29580,"No"
"H","CA",25,"VALENCIA","DEM",1353620.83,1273383.33,63383.51,1319070.1,"No"
"H","NY",1,"EAST SETAUKET","OTH",1700582.01,1509795.77,250000,1425207.08,"No"
"H","NC",9,"CHARLOTTE","DEM",46139.31,44240.58,32046.32,19546.27,"No"
"H","TX",7,"HOUSTON","DEM",36234.56,34603.56,10750,36234.56,"No"
"S","CT",0,"BETHEL","REP",364634,317794,23656,344634,"No"
"H","MA",9,"NORWELL","NPA",7839.81,5792.16,1708.3,7738.31,"No"
"H","CA",31,"RCH CUCAMONGA","REP",641850.52,596046.14,76859.88,585350.52,"No"
"H","MO",4,"COLUMBIA","DEM",202308.53,192132.22,33500,168808.53,"No"
"H","TX",31,"GEORGETOWN","DEM",21422.41,20501.9,3100,18322.41,"No"
"H","CA",3,"ORLAND","REP",376809.01,323762.22,212199.15,164259.01,"No"
"H","UT",1,"NORTH OGDEN","DEM",106911.35,77273.22,1000,106911.35,"No"
"H","NJ",2,"SEWELL","DEM",111372.86,100667.84,39138.53,79529.26,"No"
"H","MN",2,"EAGAN","DEM",3698000.02,3349147.59,975000,2720138.05,"No"
"S","AL",0,"PELHAM","DEM",34440,28980,700,32740,"No"
"H","CA",26,"SIMI VALLEY","REP",412730.97,279776.42,151369.31,151701,"No"
"H","NC",13,"JAMESTOWN","DEM",79231,62060.64,28503.59,58631,"No"
"H","NY",24,"SYRACUSE","DEM",1323419.88,1289995.28,14116.27,1310635.27,"No"
"H","IN",5,"INDIANAPOLIS","DEM",145769.19,74423.91,656.04,145409.72,"No"
"H","NY",21,"PERU","DEM",1165283.09,1103702.01,32500,1164225.26,"No"
"H","NC",1,"STANTONSBURG","REP",20648,19656.14,10000,10648,"No"
"H","WA",4,"ELTOPIA","REP",62282.49,45212.77,330,61946.99,"No"
"H","CA",8,"TWENTYNINE PALMS","DEM",35743.12,31604.31,30102.04,5641.08,"No"
"H","MI",7,"SALINE","DEM",2207699.84,1871104.44,55000,2146750.84,"No"
"H","CA",34,"LONG BEACH","DEM",20,1.8,1740,20,"No"
"H","CA",10,"TURLOCK","DEM",1294801.13,1110976.11,3500,1272675.21,"No"
"S","AR",0,"LITTLE ROCK","DEM",1864550,1814570,320000,1643207,"No"
"H","NV",2,"RENO","DEM",185752.51,160439.37,3497.77,182254.74,"No"
"S","WI",0,"MIDDLETON","DEM",21677292,18788281,21691,21250095,"No"
"H","FL",27,"MIAMI","DEM",785700.72,760371.83,650000,134796.39,"No"
"H","OH",4,"OBERLIN","DEM",76886.92,53224.36,2669.65,76823.87,"No"
"H","AZ",9,"CHANDLER","REP",254468.63,249176.45,224470.91,13441.21,"No"
"H","KS",4,"WICHITA","DEM",250618,251127.68,2500,247763,"No"
"H","CA",52,"SAN DIEGO","REP",1312272.53,1204296.1,151196.58,1201776.14,"No"
"S","CO",0,"COLORADO SPRINGS","REP",3627948,2547292,76503,3554383,"No"
"H","NC",4,"CARY","REP",115969.32,78678.44,11740,104229.32,"No"
"S","KY",0,"LEXINGTON","DEM",5420051,4668876,1318618,3407408,"No"
"H","MN",1,"BLUE EARTH","REP",323484.73,296362.09,20000,314542.01,"No"
"H","PA",9,"BEDFORD","REP",289031.14,227486.58,375000,89031.14,"No"
"H","MA",9,"CHATHAM","NNE",61138,27781.05,40000,21138,"No"
"H","CA",32,"LONG BEACH","DEM",187642.23,140539.02,59000,107564.23,"No"
"H","VA",8,"ARLINGTON","REP",68578.24,61715.2,3500,65078.24,"No"
"H","CA",51,"SAN DIEGO","REP",72728.12,52121.77,2966.44,69761.68,"No"
"H","MD",6,"POTOMAC","REP",1022517.27,947989.36,350000,571689.32,"No"
"H","ME",1,"BRUNSWICK","REP",94935.4,57916.73,3375,90644.4,"No"
"H","LA",2,"BATON ROUGE","DEM",22250,180.11,500,21750,"No"
"H","IL",6,"LAKE ZURICH","DEM",95060.85,44967.24,5000,90060.85,"No"
"H","WV",2,"CHARLESTON","DEM",444303.87,373768.48,265750,173875.62,"No"
"H","SC",7,"HARTSVILLE","DEM",70641.13,62990.27,36631.58,29559.55,"No"
"H","ND",0,"FORT YATES","DEM",165177.73,121254.95,32664.96,165177.73,"No"
"H","NJ",7,"UNION","DEM",140076.81,63716.72,195.87,139891.81,"No"
"H","MI",1,"KALKASKA","DEM",1853123.92,1795109.68,16590.53,1848782.81,"No"
"H","CA",7,"ANTELOPE","REP",1182932.79,1094606.82,68514.72,1171362.46,"No"
"H","FL",23,"WESTON","REP",123388.49,115366.99,89862.53,116492.56,"No"
"H","KY",6,"LEXINGTON","DEM",418412.41,359304.48,24830.94,418412.41,"No"
"H","TN",6,"COTTONTOWN","DEM",4744.01,3736.61,12944.35,4744.01,"No"
"H","IL",11,"AURORA","REP",727411.76,585612.04,215250,511497.25,"No"
"S","FL",0,"MIAMI","OTH",214071,171969,140000,73821,"No"
"H","IL",5,"CHICAGO","REP",27522.89,21746.79,202933.38,16464.99,"No"
"H","MI",11,"ROCHESTER HILLS","DEM",1122266.28,913230.36,7e+05,372266.28,"No"
"H","FL",15,"LUTZ","DEM",39477.88,34590.75,14060.65,25417.23,"No"
"H","KS",1,"CLYDE","IND",129058.38,91018.47,31163.51,98671,"No"
"H","OH",9,"LAKEWOOD","REP",27859.39,25123.84,4200,22659.39,"No"
"H","IL",9,"WILMETTE","REP",176547.6,134765.71,2750,176522.6,"No"
"H","WV",3,"PRINCETON","LIB",63603.69,62950.85,32010,31593.69,"No"
"H","NH",2,"NASHUA","REP",80672.61,59039.75,6000,69672.61,"No"
"S","NY",0,"NEW YORK","REP",631614,477955,312746,601270,"No"
"H","FL",10,"SORRENTO","REP",34436.86,34193.52,9261.97,25120.33,"No"
"H","CA",50,"ESCONDIDO","DEM",18625.94,15377.57,4109.15,18625.94,"No"
"H","WV",1,"GRAFTON","DEM",21193.84,27875.67,150,21193.84,"No"
"H","KS",1,"GREAT BEND","REP",1543101.34,1456886.51,216000,1179085.85,"Yes"
"H","PA",11,"HAZLETON","DEM",419868.43,122113.77,390418.43,29450,"No"
"H","TX",17,"WACO","DEM",38402.86,41586.67,4000,37402.86,"No"
"H","OK",5,"OKLAHOMA CITY","DEM",62528.49,55522.55,2500,62528.49,"No"
"H","PA",12,"NATRONA HEIGHTS","DEM",223648.1,178662.69,58500,223438.5,"No"
"H","FL",6,"DE LEON SPRINGS","DEM",36020,32862.51,6500,7545,"No"
"H","FL",22,"POMPANO BEACH","REP",24505.13,22299.18,645.04,21637.19,"No"
"S","PA",0,"WAYNE","DEM",14130447,12860645,83377,13142372,"No"
"H","TX",1,"TYLER","DEM",13358.34,12542.46,3200,13358.34,"No"
"H","TX",1,"TYLER","DEM",13358.34,12542.46,3200,13358.34,"No"
"H","NC",2,"RALEIGH","DEM",73876.42,69770.54,17594,54542.42,"No"
"H","NC",10,"TRYON","DEM",380754.77,269962.53,122500,253848.92,"No"
"S","AK",0,"FAIRBANKS","LIB",272790,97132,7213,272668,"No"
"H","MN",8,"BRAINERD","REP",3286485.13,3193463.85,1800000,1263458.94,"No"
"H","NC",8,"CARRBORO","DEM",349178.3,289114.95,500,348468.81,"No"
"H","TX",33,"FORT WORTH","REP",27345.04,24753.62,19906.24,7438.8,"No"
"H","WA",3,"VANCOUVER","DEM",103336.96,79676.01,3240,103336.96,"No"
"H","CA",1,"CHICO","REP",183682,181181.67,55000,124678,"No"
"H","CA",39,"BREA","DEM",58430.92,53055.25,7500,55930.92,"No"
"H","TX",35,"SAN MARCOS","REP",111849.51,103901.62,134211.61,110586.83,"No"
"S","FL",0,"PALM CITY","IND",17717,17710,14041,3116,"No"
"H","CT",2,"MADISON","REP",44187.58,43382.89,6362.16,42851.54,"No"
"H","NH",1,"BEDFORD","IND",1596008.51,1581596.12,823450,258093.42,"No"
"H","CA",27,"ARCADIA","REP",187671,159491.81,20000,167398,"No"
"H","PA",6,"MALVERN","DEM",394415.06,284418.17,122385.99,358415.06,"No"
"H","NJ",1,"HADDONFIELD","REP",188987.85,153508.47,33744.03,171661.93,"No"
"H","NV",1,"LAS VEGAS","REP",30569.87,28469.79,23184.18,7385.69,"No"
"H","IA",2,"CORALVILLE","REP",207030.17,124281.87,105000,102030.17,"No"
"H","NJ",4,"SPRING LAKE HEIGHTS","DEM",251233.65,192101.68,9329.49,241504.16,"No"
"H","IN",7,"INDIANAPOLIS","REP",4760,5072,4422,4760,"No"
"H","MD",3,"ANNAPOLIS","REP",490301.08,345536.84,1e+05,379961.6,"No"
"H","CO",5,"COLORADO SPRINGS","DEM",13775.33,8644.71,1338.87,12015.79,"No"
"H","FL",10,"ORLANDO","DEM",2129549.42,2038100.36,1e+05,192518.09,"No"
"H","AL",6,"VESTAVIA","DEM",53795.26,67813.04,40987.44,7645,"No"
"H","FL",14,"TAMPA","REP",32852.49,31488.01,40772.85,12010,"No"
"H","LA",3,"NEW IBERIA","DEM",14726.11,8395.85,18932.6,10626.11,"No"
"H","CA",1,"RED BLUFF","DEM",110725.99,108449.84,38494.32,73075.68,"No"
"H","CA",23,"QUARTZ HILL","DEM",36139.01,33012.31,372.76,30771.51,"No"
"H","OR",4,"CAVE JUNCTION","REP",56791.04,45133.71,47316.21,53791.04,"No"
"H","NM",3,"TAOS","REP",94663.73,88419.53,30661.85,61663.73,"No"
"H","MA",4,"DIGHTON","REP",13777.87,12204.58,12164.4,1613.47,"No"
"H","NY",10,"NEW YORK","REP",70061.52,47125.9,33010.89,37050.63,"No"
"S","NC",0,"RALEIGH","DEM",10901549,9334221,31192,10590681,"No"
"H","MN",4,"ROSEVILLE","REP",53743.64,48059.31,22794.1,24451,"No"
"H","CA",48,"NEWPORT BEACH","DEM",100085.08,65305.91,3894.47,100085.08,"No"
"H","FL",16,"SANRASOTA","DEM",69424.65,39902.34,77261.89,43424.65,"No"
"H","FL",5,"FLEMING ISLAND","REP",54631.56,49614.16,1163.81,54265.76,"No"
"H","TN",3,"CHATTANOOGA","DEM",95167.43,61232.69,10000,85167.43,"No"
"H","CA",41,"RIVERSIDE","REP",214494,208968.37,191967.84,90994,"No"
"H","CA",42,"SUN CITY","DEM",137042.45,101640.33,24265.13,116211.19,"No"
"H","MI",8,"CLARKSTON","DEM",576612.3,509816.28,8500,568112.3,"No"
"H","KS",3,"MISSION","DEM",458305.77,406309.72,50000,408305.77,"No"
"H","MA",1,"SHELBURNE FALLS","LIB",17850,16641.88,5000,12270,"No"
"H","TN",5,"BRENTWOOD","REP",57720.63,42118.54,5064.63,52656,"No"
"H","NJ",6,"ATLANTIC HIGHLANDS","REP",67284.4,60870.07,2415.4,67284.4,"No"
"H","NM",2,"LAS CRUCES","DEM",333924.89,276323.49,113000,177924.89,"No"
"H","NY",14,"YONILEM","REP",139424.1,83369.66,128500,10400,"No"
"S","NY",0,"YONKERS","REP",139424.1,83369.66,128500,10400,"No"
"S","FL",0,"DELAND","LIB",24292,19956,5388,19730,"No"
"H","CA",36,"TEMECULA","REP",341524.44,283798.77,4542.11,341524.44,"No"
"H","TX",32,"DALLAS","GRE",2728.57,2148.36,30,2728.57,"No"
"S","ID",0,"BOISE","DEM",728390,464457,297915,431278,"No"
"H","WA",1,"GRANITE FALLS","REP",21807.18,17819.61,131,21287.18,"No"
"H","CA",16,"BURREL","REP",489133.08,474344.71,32635.71,485811.5,"No"
"H","FL",12,"CLEARWATER","DEM",46318,38512,40000,6318,"No"
"H","WI",2,"MADISON","REP",40294.99,40621.72,9960,26294.99,"No"
"H","TX",25,"AUSTIN","DEM",60885.67,32770.95,2232.46,59879.64,"No"
"H","UT",3,"SALT LAKE CITY","DEM",48792.7,47255.1,9800,38992.7,"No"
"H","MO",5,"LEES SUMMIT","REP",99020.53,79631.21,500,98320,"No"
"H","FL",25,"PEMBROKE PINES","DEM",36445.21,31521.87,16745,23200.21,"No"
"S","WA",0,"AUBURN","REP",426766,412360,850,425716,"No"
"H","CA",45,"IRVINE","DEM",37693.36,88330.04,1e+05,12693.36,"No"
"H","CA",53,"LA JOLLA","REP",118686.07,117025.19,39855,106186.07,"No"
"H","WA",8,"ISSAQUAH","DEM",27145.73,22920.02,3723.1,24340.8,"No"
"H","IA",1,"CEDAR RAPIDS","DEM",2574611.86,2415602.44,150600,2397194.99,"No"
"H","VA",4,"HENRICO","REP",116577,112488.98,26659.56,95577,"No"
"H","TX",21,"SAN ANTONIO","DEM",64497,62313,12151,52345,"No"
"H","IL",14,"GURNEE","DEM",21826,20343.45,1000,20826,"No"
"H","KS",4,"KIOWA","IND",100207.45,75299.67,73618.98,44088.86,"No"
"H","IA",4,"SHELDON","DEM",146340.5,103874.47,5002.36,141338.14,"No"
"H","AZ",4,"GOLDEN VALLEY","DEM",32267.58,28578.92,19513.87,31767.58,"No"
"H","FL",8,"VERO BEACH","DEM",36521.6,53768.39,11570.33,25921.6,"No"
"H","CA",47,"LONG BEACH","REP",67698.65,65765.67,116300,5740,"No"
"H","VA",3,"CHESAPEAKE","REP",67134.31,58746.89,12500,54622.31,"No"
"H","NY",24,"BALDWINSVILLE","DEM",328750.99,328162.69,74000,253595,"No"
"H","AZ",6,"SCOTTSDALE","DEM",5926.36,5911.62,11889.41,1626.36,"No"
"H","OR",5,"STAYTON","REP",251745.09,238415.87,9000,242745.09,"No"
"H","MI",4,"DEWITT","W",13722.2,11587.8,11607.2,2115,"No"
"H","MA",3,"HAVERHILL","REP",40003.49,19181.85,32900,25003.49,"No"
"H","CA",33,"REDONDO BEACH","REP",68390.55,64774.7,6000,61340,"No"
"H","OH",1,"CINCINNATI","DEM",204668.07,162016.96,52000,152633.07,"No"
"H","NY",12,"NY","DEM",6996.01,18634.21,6600,2600,"No"
"H","NV",1,"LAS VEGAS","REP",73862.55,73862.55,33396.27,40466.28,"No"
"H","TX",21,"BOERNE","REP",183785.09,184971.63,2746.17,131048.77,"No"
"S","FL",0,"TAMPA","DEM",875382,874534,875243,140,"No"
"H","WI",6,"MARIBEL","DEM",39245,39244,26569,9245,"No"
"H","IA",3,"DES MOINES","DEM",78803.88,78253.99,6819.94,78667.08,"No"
"H","AZ",9,"PHOENIX","REP",108766,96727.51,10000,108196,"No"
"H","RI",2,"WARWICK","DEM",13318.06,12657.49,12868.06,450,"No"
"H","NH",1,"BEDFORD","REP",318115.22,318973.17,64142.61,317075.22,"No"
"H","OK",1,"TULSA","REP",782595.77,776343.73,250000,332595.77,"No"
"H","CA",31,"RIALTO","REP",29848,28617.74,13515.79,29848,"No"
"H","CA",10,"MANTECA","DEM",45921.6,13335.58,32405.37,84.83,"No"
"H","NC",13,"CLEMMONS","REP",241402.41,241402.41,218970.12,22432.29,"No"
"S","CO",0,"COLORADO SPRINGS","REP",1275927,1205497,1014230,275927,"No"
"H","NC",2,"RALEIGH","REP",116145.99,115819.47,40826.59,103065.96,"No"
"H","NC",13,"MOCKSVILLE","REP",131925,116949,1e+05,31925,"No"
"H","CT",2,"WESTBOOK","REP",12125,11837.47,7000,4125,"No"
"H","GA",9,"GAINESVILLE","REP",151927.86,148797.02,85000.32,107265.73,"No"
"H","MO",8,"CAPE GIRARDEAU","REP",56610.58,54804.86,33000,22984.58,"No"
"H","TX",32,"MCLEAN","REP",103545.5,103096.61,2000,101545.5,"No"
"H","MO",5,"KANSAS CITY","REP",1700.02,1829.94,1000,1700,"No"
"H","TX",10,"CYPRESS","DEM",3530.63,2967.5,31243.37,3425.72,"No"
"H","FL",23,"HOLLYWOOD","DEM",3886244.08,3792812.23,20060.8,3852984.08,"No"
"H","TX",30,"DALLAS","DEM",43537.23,43646.23,21320,39835,"No"
"S","OR",0,"BEND","REP",54449,54395,180072,15449,"No"
"H","NY",18,"TUXEDO","REP",23635,20789.43,29793.41,11135,"No"
"H","NJ",5,"DEMAREST","REP",13797,13543,17569,1866,"No"
"S","OH",0,"CANTON","IND",41987,35616,40000,1987,"No"
"H","FL",6,"ORMOND BEACH","REP",305018.94,305007.84,118500,185778.42,"No"
"H","NC",12,"MATTHEWS","DEM",121189.52,119728.9,49953,76835.97,"No"
"S","GA",0,"ALPHARETTA","DEM",5899,9186.5,4068,544,"No"
"H","TX",6,"ARLINGTON","DEM",3245.23,3608.25,3650,2310.01,"No"
"H","NC",8,"RAEFORD","REP",239410.86,238008.32,625277.19,9882,"No"
"H","TX",27,"CORPUS CHRISTI","REP",195328.22,194988.76,75197.72,139328.22,"No"
"H","NY",18,"WARWICK","REP",64455,64461.68,46750,17705,"No"
"H","MD",5,"DAVIDSONVILLE","REP",271800.21,268340.43,63552.08,248200.21,"No"
"H","LA",1,"NEW ORLEANS","DEM",7709,5066.05,7699,10,"No"
"S","IA",0,"CLARENCE","DEM",50458,22429,30680,50458,"No"
"H","NH",2,"BROOKLIONE","REP",60575.5,60575.5,20000,40575.5,"No"
"H","CA",31,"UPLAND","REP",1000221.25,963470.79,250131.22,460041.76,"No"
"H","FL",18,"BOCA RATON","REP",1907398.19,1905970.23,1630975.97,286467.1,"No"
"H","VA",11,"FAIRFAX","GRE",847.32,2731.99,924.98,247.32,"No"
"H","TX",10,"KATY","DEM",10515,10341,10250,265,"No"
"H","FL",6,"ORMOND BEACH","REP",171619.98,139853.43,4862.16,142738.35,"No"
"H","TX",29,"HOUSTON","DEM",390998.62,387966.79,11736.2,390998.62,"No"
"H","PA",17,"PEN ARGYL","REP",138994.72,138100.72,17752.94,51494.72,"No"
"H","MN",2,"SOUTH SAINT PAUL","REP",260305.55,157924.57,275000,131367.85,"No"
"H","TX",4,"PRINCETON","REP",122374.95,130300.16,323624.06,3374.95,"No"
"H","KS",3,"LOUISBURG","REP",78415.75,44020.6,11100,61915.75,"No"
"H","PA",2,"BALA CYNWYD","DEM",57917.67,69148.85,7139.72,53917.67,"No"
"H","CA",45,"TUSTIN","DEM",46132.47,46128.97,36915,1985,"No"
"H","NC",12,"CHARLOTTE","DEM",104622.49,104908.89,101489.22,77812.37,"No"
"S","FL",0,"ORLANDO","DEM",4658100.83,3965939.77,2421713,4145499.94,"No"
"H","NC",13,"DURHAM","DEM",19829.36,19827.39,22164.03,633.36,"No"
"S","NC",0,"DURHAM","DEM",62899,62394,68085,3865,"No"
"H","NC",3,"NEW BERN","REP",359680.06,357845.39,18082.18,356401,"No"
"H","CO",6,"ENGLEWOOD","DEM",1001000,1001160.65,168500,1000,"No"
"S","IL",0,"HARVEY","DEM",1069521,1060880,614417,19521,"No"
"H","NJ",7,"LONG VALLEY","REP",30739.9,29532.34,205276.39,22739.9,"No"
"H","NC",12,"WINSTON SALEM","DEM",10375.98,10223.96,11785,3185.98,"No"
"H","CA",12,"SAN FRANCISCO","GRE",8958.83,8958.83,4730.36,2700,"No"
"H","NC",11,"ZIRCONIA","DEM",4464.01,4623.76,8246.16,2724.01,"No"
"H","MN",7,"LONG PRAIRIE","REP",24365.54,24361,1315.81,24093.96,"No"
"H","SC",1,"SUMMERVILLE","REP",146778.74,144801.79,19879.33,146778.74,"No"
"H","WA",5,"NINE MILE FALLS","REP",9397.95,9346.82,8647.95,750,"No"
"H","CA",52,"SAN DIEGO","REP",14502.5,16155.56,13915.56,14600,"No"
"H","OK",2,"OOLOGAH","REP",162814.28,158127.68,45500,117314.28,"No"
"H","NC",9,"MONROE","REP",219610,219560.68,117900,101710,"No"
"H","NJ",3,"WARETOWN","DEM",76478.22,74778.19,14000,62478.22,"No"
"S","FL",0,"NORTH PALM BEACH","DEM",247376,265836,70514,152321,"No"
"H","MN",6,"SAUK RAPIDS","REP",29031.12,27796.41,13000,16031.12,"No"
"H","FL",16,"LAKEWOOD RANCH","DEM",14977,14977,10380.46,4537,"No"
"H","OH",1,"CINCINNATI","DEM",23904.25,30413.89,237687.81,23904.25,"No"
"H","NJ",7,"LEBANON","REP",277626.96,191257.16,239691.2,37935.76,"No"
"H","NJ",1,"COLLINGSWOOD","DEM",81517.98,82783.98,5135.57,74917.98,"No"
"H","MN",2,"EAGAN","DFL",1581291.69,1547919.79,920000,410025.89,"No"
"H","GA",11,"SANDY SPRINGS","REP",157940,156799.49,196589.4,1690,"No"
"S","FL",0,"JACKSONVILLE","DEM",35238,30803,2880,31323.05,"No"
"H","OH",14,"CHAGIN FALLS","REP",296829.2,291219.5,2061.33,232647.22,"No"
"H","MO",8,"DESOTO","REP",16425,12164.54,1000,15425,"No"
"H","NE",2,"OMAHA","REP",111770.97,113914.87,10000,101770.97,"No"
"H","IL",15,"LEBANON","REP",498182.24,494036.66,171928.58,341486.34,"No"
"S","AL",0,"HOMEWOOD","REP",940571,940554,187621,863893,"No"
"H","WA",3,"VANCOUVER","DEM",115262.85,113923.79,17500,15262.85,"No"
"H","OR",5,"MILWAUKIE","DEM",45056.88,70712.85,10750,30556.88,"No"
"S","AZ",0,"SCOTTSDALE","REP",886610,888489,772273,112176,"No"
"H","IN",7,"INDIANAPOLIS","REP",4477,4476,1689,2069,"No"
"H","VA",10,"ASHBURN","DEM",550386.26,2018,7000,3025,"No"
"H","PA",10,"LEWISBURG","DEM",48359.14,47309.15,2500,45859.14,"No"
"H","IN",8,"JASPER","REP",58255,56640.12,28000,30255,"No"
"S","CO",0,"LAKEWOOD","REP",170416,163111,7823,19916,"No"
"S","WA",0,"RENTON","REP",11174,10873,178,938,"No"
"H","WI",1,"DELAVAN","REP",1571255.25,1403390.56,1e+05,1465724.97,"No"
"H","CO",1,"DENVER","DEM",13691.68,17715.94,7500,9691.68,"No"
"H","MA",9,"MARSHFIELD","REP",22701.65,21632.59,7000,15701.65,"No"
"H","FL",6,"ORMOND BEACH","DEM",46647.34,46478.85,2600,43585.84,"No"
"H","CA",21,"FOWLER","DEM",71152.83,70585.23,2547.18,71143.07,"No"
"H","TX",17,"EDDY","REP",449943.17,405510.01,231225,6580,"No"
"S","PA",0,"ALLENTOWN","DEM",437529.88,437438.68,23477,423619.88,"No"
"H","FL",27,"MIAMI","DEM",111790,12553.01,1e+05,11790,"No"
"H","OR",4,"ALBANY","REP",5159.1,4905.78,260,4734.25,"No"
"H","CA",30,"WEST HILLS","DEM",138851,136871.82,55000,83851,"No"
"H","CA",45,"MISSION VIEJO","REP",238505.07,193146.66,217918,114867.75,"No"
"H","OH",8,"MIDDLETOWN","REP",202866,158162.01,70000,132783.31,"No"
"H","TN",4,"MURFREEBORO","DEM",49873.49,47821.61,16653.29,33220.2,"No"
"H","OH",7,"MEDINA","REP",2555.89,3534.01,4848.54,2355.89,"No"
"H","IL",10,"HIGHLAND PARK","DEM",1510236.51,1508745.76,250000,1163964.77,"No"
"H","IL",18,"EUREKA","DEM",51827.91,42697.76,1580,51827.91,"No"
"H","NV",4,"LAS VEGAS","DEM",8131.68,7873.21,2469.02,6036.33,"No"
"H","NY",10,"NEW YORK","DEM",429209.88,429089.36,250000,77509.88,"No"
"H","NC",13,"RALEIGH","REP",81910.85,80119.49,27903.39,74114.75,"No"
"H","CA",29,"NORTH HILLS","DEM",43498.27,43498.27,34941.38,8556.89,"No"
"H","TN",4,"MURFREESBORO","REP",1705122.48,1696672.14,876562.1,825169.85,"No"
"H","IL",11,"DARIEN","REP",188763.7,187687.36,171957,16794.5,"No"
"S","PA",0,"WEST CHESTER","IND",52600,52600,31000,21600,"No"
"H","TX",31,"GEORGETOWN","REP",10414.8,10096.2,10678.93,5114.8,"No"
"H","FL",26,"SOUTH MIAMI","DEM",1673273.45,1466849.86,518064.77,1550694.44,"No"
"H","FL",6,"DAYTONA BEACH","DEM",24299.36,23171.53,200,24086.56,"No"
"H","UT",3,"PROVO","REP",542438.63,542438.63,465000,31392.44,"No"
"H","CA",25,"LANCASTER","DEM",10530.18,12153.9,1500,5330.18,"No"
"H","FL",10,"ORLANDO","DEM",202108.61,202108.61,57940.31,136108.61,"No"
"H","NH",1,"GREENLAND","REP",100710.55,100120.26,25000,75710.55,"No"
"H","VA",4,"CHESAPEAKE","DEM",49516.45,43359.48,1360,47864.75,"No"
"S","AZ",0,"LAKE HAVASU","REP",1591465,1533879,115000,1475241,"No"
"H","MO",4,"CLEVELAND","REP",14656,15578,8000,13156,"No"
"H","IN",6,"CONNERSVILLE","DEM",4606.51,5676.19,3100,4184.01,"No"
"H","IL",11,"NAPERVILLE","REP",77295,77256.85,22252,56195,"No"
"H","IL",9,"CHICAGO","IND",90556.66,81297.66,1288.54,90556.66,"No"
"H","WA",5,"SPOKANE VALLEY","OTH",206953,206361.15,6000,134453,"No"
"H","TX",1,"LUFKIN","REP",366249,366297.07,26692,32449,"No"
"S","CT",0,"STAMFORD","REP",746718,743889,218585,591316,"No"
"H","KY",6,"LEXINGTON","DEM",13034,10774.5,10977,2053,"No"
"S","IL",0,"CHICAGO","DEM",1992957,1992950,112414,1863687,"No"
"H","FL",24,"DAVIE","DEM",128066.33,128066.33,20000,108066.33,"No"
"S","WA",0,"OLYMPIA","DEM",11572,9417,21,11441,"No"
"H","WA",8,"ISSAQUAH","DEM",31422.45,31422.45,1000,30922.45,"No"
"S","FL",0,"BRADENTON","REP",8495661,8196656,8012850,482811,"No"
"H","FL",27,"MIAMI","REP",17900.14,16305.19,5000,1900,"No"
"H","WA",8,"ISSAQUAH","DEM",5880.26,32256.5,27584.79,5880.26,"No"
"H","MD",2,"SEVERNA PARK","REP",15150,15150,357.91,7650,"No"
"H","PA",2,"PHILADELPHIA","DEM",389218.1,389218.1,9129.58,326779.23,"No"
"H","WI",7,"WAUSAU","DEM",6788.39,6608.26,300,6488.26,"No"
"H","TX",21,"AUSTIN","DEM",54102.36,54102.36,3091.53,46102.36,"No"
"S","IA",0,"CEDAR RAPIDS","DEM",282043,282038,2000,278349,"No"
"S","GA",0,"FAYETTEVILLE","REP",10201,10201,6550,2742,"No"
"H","ME",2,"BANGOR","DEM",197991.31,190685.02,1600,165991.31,"No"
"H","NC",12,"CHARLOTTE","DEM",42878.19,42590.8,38000,4877.99,"No"
"H","FL",3,"GAINESVILLE","DEM",182204.42,111271.37,98690.87,83513.55,"No"
"H","TX",7,"HOUSTON","REP",87837.48,87749.97,54494.7,28337.48,"No"
"H","WA",10,"UNIVERSITY PLACE","DEM",11495.04,9390.85,1200,11495.04,"No"
"S","CO",0,"DENVER","REP",419943,417759,153440,266503,"No"
"H","PA",12,"SEWICKLEY","DEM",349057.59,333169.05,255000,89057.59,"No"
"S","IL",0,"BURR RIDGE","DEM",24710,46196,45000,500,"No"
"H","IL",6,"BURR RIDGE","DEM",24710,46196,45000,500,"No"
"H","PA",14,"PITTSBURGH","REP",17390,15689.32,10700,17390,"No"
"H","CA",23,"BAKERSFIELD","REP",43818.89,43818.89,19572.49,21392.63,"No"
"H","TN",4,"MURFREESBORO","REP",7650,6947.38,7000,650,"No"
"H","NC",5,"PILOT MOUNTAIN","DEM",5377.75,23397,32739,322.02,"No"
"H","FL",27,"MIAMI","DEM",10877.51,10455.09,1500,9377.51,"No"
"H","GA",2,"COLUMBUS","REP",135250,135250,53540.34,250,"No"
"H","OK",4,"NORMAN","REP",18591,15044.35,2950,15091,"No"
"H","GA",12,"EVANS","REP",55417.26,55423.31,276769.78,28007.87,"No"
"H","IL",7,"CHICAGO","DEM",62346.3,62345.72,1110,62346.3,"No"
"H","NC",2,"CARY","REP",28780.89,28780.89,6710.01,26912.89,"No"
"H","NC",13,"BOONE","DEM",17772.97,15286.79,5990,10290,"No"
"H","GA",11,"MARIETTA","REP",395184.52,289643.92,250000,145184.52,"No"
"H","GA",11,"KENNESAW","REP",72875.02,69446.45,55000,17875.02,"No"
"H","MO",4,"PLEASANT HILL","DEM",9815.47,6689.32,1873,4810.41,"No"
"S","GA",0,"REDAN","REP",15186,14627,5000,10186,"No"
"H","AR",2,"SEARCY","REP",17995.97,17780.08,15000,2995.38,"No"
"H","TX",8,"MIDWAY","REP",13568,15906,13282,10314,"No"
"H","AL",3,"AUBURN","REP",64791.68,67148.66,53062.78,17718.04,"No"
"H","IL",1,"CHICAGO","DEM",42466,39081.37,35000,7466,"No"
"S","AL",0,"DAPHNE","REP",1890,770,1264,1890,"No"
"H","TX",36,"ORANGE","DEM",21586,24509.1,18900,10336,"No"
"H","TX",14,"ORANGE","DEM",21586,24509.1,18900,10336,"No"
"H","NY",12,"NEW YORK","DEM",16110,14500,7500,8610,"No"
"H","IA",1,"CEDAR RAPIDS","DEM",820983.42,820983.42,43349.06,765870.42,"No"
"S","NJ",0,"SOMERVILLE","REP",12014,13110,1000,5559,"No"
"H","TX",14,"VIDOR","DEM",74450,3184.82,59793.43,74450,"No"
"H","FL",10,"ORLANDO","DEM",165168.08,14388.35,4327.08,160841,"No"
"H","MS",1,"BELMONT","UNK",27100.28,15977.04,8617.28,18483,"No"
"S","CO",0,"DENVER","DEM",14928768,12843792,374819,13267629,"Yes"
"S","MO",0,"COLUMBIA","REP",11000604,11175291,315824,9882675,"Yes"
"S","ND",0,"BISMARCK","REP",2863716,1980906,1e+05,2655353,"Yes"
"S","WI",0,"OSHKOSH","REP",16164711,13898303,780774,15776606,"Yes"
"S","KS",0,"MANHATTAN","REP",4350125,3893870,50070,4140355,"Yes"
"S","HI",0,"HONOLULU","DEM",3677300,2449275,1758,3618888,"Yes"
"S","NH",0,"MANCHESTER","REP",13980279,14954757,4000,13010691,"No"
"H","TX",8,"THE WOODLANDS","REP",4482743.89,3686916.84,49287.18,4241348.62,"Yes"
"H","FL",5,"JACKSONVILLE","DEM",552232.3,566175.82,120475.44,449087.48,"No"
"H","GA",1,"POOLER","REP",1144073.27,693797.66,5e+05,1134514.71,"Yes"
"H","MA",5,"MALDEN","DEM",1244626.17,589802.49,250000,1177497.53,"Yes"
"H","NY",9,"BROOKLYN","DEM",588423.89,565158.36,77748.62,586873.81,"Yes"
"H","IL",10,"KENILWORTH","REP",5090564.86,4273651.43,88701.7,4918280.91,"No"
"H","AZ",8,"PEORIA","REP",337934.08,314662.42,91100,337733,"Yes"
"H","AZ",3,"TUCSON","DEM",605765.63,528971.94,12400.07,603899.05,"Yes"
"H","NH",1,"MANCHESTER","REP",1291698.06,1135455.26,47494.73,1190919.25,"No"
"H","CA",17,"SAN JOSE","DEM",2779256.22,2414463.71,33315.43,2776557.48,"No"
"H","KS",1,"FOWLER","REP",939268.44,1339973.71,5375.72,925421.78,"No"
"H","PA",3,"BUTLER","REP",1702865.12,1107796.07,90000,1649824.23,"Yes"
"H","FL",7,"WINTER PARK","REP",1252469.24,1356243.22,56820.83,1249501.52,"No"
"H","VI",0,"FREDERIKSTED","DEM",314721.7,265720.92,24733.1,314721.7,"No"
"H","TX",4,"HEATH","REP",888379.51,839875.48,311950,883765.25,"Yes"
"H","GA",13,"ATLANTA","DEM",1205690.96,862716.41,56570,1193218.16,"Yes"
"H","FL",24,"MIAMI GARDENS","DEM",448018.14,294917.65,15250,448018.14,"Yes"
"H","NC",2,"RALEIGH","REP",1390817.73,1539709.03,21387.5,1370294.69,"No"
"S","LA",0,"BOSSIER CITY","DEM",1734975,1423943,511500,984069,"Yes"
"S","CA",0,"LOS ANGELES","DEM",14451398,12466740,102238,13507231,"Yes"
"P","US",0,"NEW YORK","REP",254957194.92,238962741.35,2086572.41,114492189.34,"Yes"
"S","MD",0,"KENSINGTON","DEM",11518110,9998137,28673,9646422,"Yes"
"P","US",0,"LAKE ARROWHEAD","PPY",23712,17258,19586,4000,"No"
"H","FL",2,"TALLAHASSEE","REP",206903.3,206903.3,116000,90903.3,"No"
"H","FL",2,"PORT ST JOE","LIB",18286.6,27396.44,1100,6496.6,"No"
"P","US",0,"CLEMSON","AMP",8216,8216,4000,4216,"No"
"H","CA",24,"ARROYO GRANDE","REP",893210.3,893200.3,12473.13,828927.32,"No"
"P","US",0,"WASHINGTON","W",84.31,86.02,20.51,26.86,"No"
"H","FL",4,"JACKSONVILLE","REP",167029.33,167033.24,157000,10010,"No"
"P","US",0,"WASHINGTON","REP",12317134.1,12305398.76,255927.73,10276573.37,"No"
"P","US",0,"DETROIT","IND",36288,36288,4719,33241,"No"
"H","TX",19,"LUBBOCK","REP",1507510.35,1210670.35,20000,1480877.72,"Yes"
"H","NY",22,"LITTLE FALLS","IND",2770918.95,2466701.19,2750000,17598.57,"No"
"H","LA",4,"SHREVEPOR","REP",695083.74,583946.97,1e+05,595013.18,"No"
"S","LA",0,"KENTWOOD","IND",7300,6676,2741,7300,"No"
"H","MD",8,"BETHESDA","DEM",37944.67,37078.76,19755.67,8305,"No"
"H","FL",4,"JACKSONVILLE","DEM",46384.24,35074.3,1462.44,34318.45,"No"
"P","US",0,"GERMANTOWN","CON",54636.81,52721.96,4902.75,49734.06,"No"
"P","US",0,"NEW YORK","DEM",513006612.98,450565633.49,111237.9,361329562.21,"No"
"H","MD",8,"EMMITSBURG","REP",63900,44840.07,15915,45842,"No"
"S","LA",0,"COVINGTON","REP",13425,7726,12500,925,"No"
"H","FL",2,"TALLAHASSEE","DEM",125398.01,66239.16,50000,74825,"No"
"P","US",0,"SAN  DIEGO","DEM",7635008.47,7627848.16,7617975.34,17033.13,"No"
"H","VA",5,"CHARLOTTESVILLE","DEM",1156482.23,1072868.5,9901.37,1156018.34,"No"
"H","FL",18,"JUPITER","REP",587525.81,579187.94,1713897.99,56228.32,"No"
"S","LA",0,"MANDEVILLE","REP",140332,89887,14520,118021,"No"
"S","LA",0,"NEW ORLEANS","DEM",35402,19549,26029,9373,"No"
"H","LA",3,"LAFAYETTE","REP",532632.75,427147.36,56000.67,477632.75,"No"
"H","CA",24,"SANTA BARBARA","REP",2139681.62,1822868.88,44139.5,2130889.24,"No"
"S","LA",0,"BATON ROUGE","DEM",1585262,1517882,890000,693633,"No"
"H","PR",0,"SAN JUAN","DEM",230255.08,193786.25,11983.29,230245.08,"No"
"S","LA",0,"MINDEN","REP",4314772,3781237,863735,1779304,"No"
"S","MD",0,"BALTIMORE","GRE",67573,68452,4080,67573,"No"
"H","KY",1,"HOPKINSVILLE","DEM",14574.98,13645.76,5681.59,13658.02,"No"
"P","US",0,"RICHMOND","REP",391436.44,390868.39,291350.5,110570.95,"No"
"H","WY",0,"ROCK SPRINGS","DEM",179924,159025.16,76740,116024,"No"
"H","CA",44,"LOS ANGELES","DEM",1730188.93,1675839.01,72021.61,1728599.76,"No"
"H","PA",16,"LANCASTER","DEM",875443.51,814486.75,60500,820443.51,"No"
"H","LA",4,"SHREVEPORT","REP",813839.6,483903.69,4e+05,413839.6,"No"
"H","LA",4,"SHREVEPORT","REP",150943.29,118198.03,23300.13,117643.16,"No"
"P","US",0,"SALT LAKE CITY","LIB",11268011.11,10340004.16,1538118.73,10763296.11,"No"
"H","LA",4,"SHREVEPORT","DEM",281632,281049.92,225900,55482,"No"
"H","FL",11,"OCALA","DEM",49745.28,50252.33,31658.17,49745.28,"No"
"H","FL",9,"ST CLOUD","REP",31251.39,26957.55,10332.79,16407,"No"
"S","LA",0,"MADISONVILLE","REP",763415,622655,50000,698230,"No"
"P","US",0,"TALLAHASSEE","IND",1035469.04,785858.18,537538.97,1032757.87,"No"
"P","US",0,"JERSEY CITY","UNK",11682,10943,4500,7182,"No"
"H","NY",22,"VESTAL","DEM",1485202.36,1246999.66,540000,940550.45,"No"
"H","FL",19,"CAPE CORAL","DEM",15130,13192.06,12500,2630,"No"
"H","CA",46,"GARDEN GROVE","DEM",274805.81,237157.67,3750,270569.9,"No"
"H","PR",0,"HUMACAO","PPT",2154.17,1626.15,715,2154.17,"No"
"H","MN",2,"EAGAN","IDP",2747.44,2247.28,331.44,2416,"No"
"S","LA",0,"NEW ORLEANS","REP",403998,396815,155050,245266,"No"
"H","FL",18,"NORTH PALM BEACH","DEM",8560607.89,8327167.32,4e+06,2788957.63,"No"
"H","NY",22,"ENDWELL","REP",250690.9,250763.9,3250,245583.29,"No"
"H","LA",3,"LAFAYETTE","REP",637545.98,630210.8,287709.89,384540.98,"No"
"H","LA",3,"LAFAYETTE","REP",152285,109360.33,24860,77425,"No"
"H","DE",0,"WYOMING","REP",209176.5,168914.05,8452.18,200724.32,"No"
"P","US",0,"BURLINGTON","DEM",236804528.52,232031346.88,454269.34,231837226.36,"No"
"H","PA",8,"YARDLEY","DEM",2468129.39,2321465.06,4200,2422209.88,"No"
"H","FL",21,"JUPITER","REP",49321.75,21110.96,169791.07,4375.68,"No"
"H","FL",18,"JUPITER","IND",26543.53,26341.64,8996.37,16907.16,"No"
"H","FL",1,"PENSACOLA","DEM",55666.27,45967.27,9566.13,45880.14,"No"
"P","US",0,"LEXINGTON","GRE",3528594.15,3470291.04,87740,3015906.23,"No"
"H","NV",3,"LAS VEGAS","REP",1741489.87,1482252.76,119414.36,1638875.89,"No"
"H","MD",8,"BETHESDA","GRE",11935.2,8317.96,1000,9612.11,"No"
"H","AZ",5,"MESA","REP",512692.28,512692.28,247356.42,262692,"No"
"H","MS",1,"COLUMBUS","REP",526765.41,510200.03,383534,141231,"No"
"H","MI",1,"TRAVERSE CITY","REP",429674.61,429426.44,43286.36,372360.27,"No"
"H","AZ",1,"PHOENIX","REP",463873.44,459969.64,70000,393873.1,"No"
"H","NY",19,"HAMDEN","REP",36240,36240,51198.23,36190,"No"
"P","US",0,"MIAMI","REP",35489858.93,35432192.02,250000,34365074.58,"No"
"H","VA",2,"VIRGINIA BEACH","REP",87969,87291.88,54001.96,40469,"No"
"P","US",0,"FORT WORTH","DEM",13325,13415,1250,13325,"No"
"H","MI",1,"ESCANABA","REP",520676.06,520343.87,67855.75,467505.4,"No"
"H","FL",18,"PALM BEACH GARDENS","DEM",718689.53,714117.48,123120.17,585689.53,"No"
"S","CA",0,"OCEANSIDE","REP",119759,119761,35085,116915,"No"
"P","US",0,"MORRISTOWN","REP",8745586.76,8714737.15,170505.47,8548966.85,"No"
"S","CA",0,"ATHERTON","REP",51710,51621,20770,30905,"No"
"H","FL",9,"KISSIMMEE","DEM",66109.61,66141.32,44918.16,25734.61,"No"
"H","GA",3,"NEWNAN","REP",528214.04,513733.94,88694.54,527514.04,"No"
"S","CA",0,"WILLOWS","REP",469911,519960,10000,449911,"No"
"H","VA",5,"CHARLOTTESVILLE","REP",97637.92,97326.89,8619.36,97637.92,"No"
"S","IN",0,"INDIANAPOLIS","DEM",72914,72885,11262,72798,"No"
"H","FL",1,"PENSACOLA","REP",482706.93,467007.68,250000,87698.03,"No"
"P","US",0,"DEXTER","IND",6062.93,6062.25,1222.94,875,"No"
"H","CA",46,"SACRAMENTO","DEM",427483.68,427372.64,42902.9,427400.99,"No"
"H","MN",2,"COTTAGE GROVE","REP",64001.88,64841.11,10014.88,63319.6,"No"
"H","NY",13,"NEW YORK","N/A",28220,14082.5,12000,4180,"No"
"H","NV",3,"HENDERSON","REP",443917.08,436795.96,54854.46,443917.08,"No"
"H","GA",3,"STOCKBRIDGE","REP",153750,110505.51,151000,750,"No"
"H","TN",8,"MEMPHIS","REP",3027559.25,3015955.42,2795000,1748,"No"
"H","IL",18,"QUINCY","REP",173899.35,173592.97,1832.23,173899.35,"No"
"H","MI",10,"HARRISON TOWNSHIP","REP",120642.21,119694.1,27568.24,84673.97,"No"
"H","IL",8,"NORTH BARRINGTON","IND",1829.56,1651.9,16387.46,1314,"No"
"H","NY",13,"NEW YORK","DEM",94776.28,87837.33,41012.19,53764.09,"No"
"H","TX",19,"LUBBOCK","REP",108161.18,108161.18,8047.33,57940,"No"
"H","FL",19,"FORT MYERS","REP",392853.79,392853.79,35875.22,353253.79,"No"
"H","AZ",1,"SIERRA VISTA","REP",406358.03,356815.97,5000,406358.03,"No"
"H","NY",19,"MILLBROOK","REP",1960055.53,1959725.92,312598.65,1483679.24,"No"
"H","MN",2,"RED WING","REP",851389.09,833733.95,22500,108539.09,"No"
"P","US",0,"LITTLE ROCK","REP",4335903.6,4328550.97,18954.44,4327403.99,"No"
"H","DE",0,"WILMINGTON","REP",24348,24344.82,12888,24255,"No"
"H","AZ",5,"GILBERT","REP",1979269.68,1950060.29,1922578.88,73415.94,"No"
"H","NY",3,"GREAT NECK","DEM",440328.45,440164.98,83297.14,440328.45,"No"
"H","FL",4,"JACKSONVILLE","REP",33529,32239.37,3100,27833,"No"
"H","TN",8,"GERMANTOWN","REP",848627.16,847178.61,2700,835827.16,"No"
"H","AZ",1,"EAGAR","REP",1120171.2,1124669.16,482072.14,367911.09,"No"
"H","LA",3,"LAFAYETTE","REP",582415.16,570449.42,60000,130465.16,"No"
"H","CA",24,"SAN LUIS OBISPO","REP",220343.98,75774.62,210500,9101,"No"
"H","WY",0,"POWELL","REP",16115,16269.61,2300,16115,"No"
"H","TN",8,"ARLINGTON","REP",53198.63,52710.45,47784.17,53156.68,"No"
"H","FL",4,"PONTE VEDRA","REP",87100,89798.78,30000,57100,"No"
"H","NV",3,"LAS VEGAS","REP",255237.7,255205.38,2207.51,234600.62,"No"
"H","MD",8,"CHEVY CHASE","DEM",2900350.58,2864909.51,250000,2254804.97,"No"
"H","TX",19,"LUBBOCK","REP",172450.18,177276.81,179987.53,53164,"No"
"P","US",0,"LEXINGTON","LIB",52247.23,35816.73,32000,20247.23,"No"
"H","WI",8,"FORESTVILLE","REP",11708.17,12975.67,1464,10244.17,"No"
"P","US",0,"SAN DIEGO","GRE",4608,4574,18583,3756,"No"
"P","US",0,"BRANDON","REP",3942.93,5143.77,2709.93,133,"No"
"H","FL",1,"MIRAMAR","REP",7875.97,8576.29,16730.91,380,"No"
"H","TN",8,"BARTLETT","REP",7875.97,8576.29,16730.91,380,"No"
"H","FL",2,"FT WHITE","REP",20845,20240.8,9027.99,15845,"No"
"H","FL",18,"STUART","REP",1124377.46,1124011.67,7552.45,1115993.25,"No"
"H","FL",18,"JUPITER","REP",231827,231207.88,6000,225827,"No"
"P","US",0,"BALTIMORE","DEM",6358420.32,6259942.64,3322.32,4689261.33,"No"
"H","AZ",5,"MESA","REP",153355.81,152409.84,1e+05,52575.12,"No"
"H","GA",3,"PEACHTREE CITY","REP",530547.01,528762.17,253060,280547.01,"No"
"H","TX",15,"EDINBURG","DEM",474677.18,478221.34,288625,186010.98,"No"
"P","US",0,"NEW YORK","REP",547267.55,535130.57,20000,511332.35,"No"
"H","MI",10,"ST. CLAIR","REP",404318.51,401598.96,33500,370152.6,"No"
"S","LA",0,"LAFAYETTE","DEM",164707,164587,78372,75007,"No"
"H","CA",46,"ORANGE","REP",30959,29135.64,13974.27,18918,"No"
"H","IN",9,"BLOOMINGTON","REP",31777.63,31777.63,25290.95,28512.43,"No"
"H","NY",13,"NEW YORK","DEM",172865.78,204022.24,22389.4,172674.18,"No"
"H","FL",9,"ORLANDO","DEM",780443.78,770177.02,4000,773789.34,"No"
"H","FL",4,"JACKSONVILLE","REP",234539.64,232966.93,118790.01,125801.64,"No"
"H","PR",0,"MAYAG?EZ","DEM",210962.86,207382.25,7980,210962.86,"No"
"H","MS",1,"EUROPA","REP",107933.48,108000.49,115911.42,107884.26,"No"
"H","MD",8,"BETHESDA","DEM",291231.22,283160.79,26086.17,290645.62,"No"
"P","US",0,"MIAMI","REP",48126114.3,51191082.94,1532657.12,45818117.38,"No"
"P","US",0,"VERONA","REP",1858380.94,1849450.62,989309.97,1380637.19,"No"
"H","WY",0,"CHEYENNE","REP",94072,93539.17,42800,50966,"No"
"S","CA",0,"LOS ANGELES","DEM",14332,12455.2,1009,12678,"No"
"S","IN",0,"HOWE","REP",2439394,2907440.62,23415,2383825,"No"
"H","NV",3,"LAS VEGAS","REP",150819.76,46779.68,112336.24,46457.67,"No"
"H","FL",2,"TALLAHASSEE","REP",1095597.52,1032367.05,45000,1050597.52,"No"
"H","DE",0,"WILMINGTON","DEM",769354.68,756861.26,20000,749249.62,"No"
"H","PR",0,"SAN JUAN","OTH",22000,27285.23,9967.6,22000,"No"
"P","US",0,"MIDDLETON","REP",9041496.4,9011325.11,381971.8,8397920.15,"No"
"H","IN",9,"GREENWOOD","REP",309603.49,306903.49,113700,187478.49,"No"
"H","NY",22,"CORTLAND","REP",849781.65,843723.15,427506.3,483991.4,"No"
"H","FL",1,"SANTA ROSA BEACH","REP",79026,76745,38305,34026,"No"
"H","NY",13,"NEW YORK","DEM",942504.16,877019.11,198737.72,943192.88,"No"
"H","IN",9,"CARMEL","REP",300885.58,294147.57,4384.03,300885.58,"No"
"H","MI",10,"SHELBY TOWNSHIP","REP",170991.74,170829.76,158943.04,19923.74,"No"
"H","VA",5,"MONETA","REP",525515.04,498906.6,5e+05,25515.04,"No"
"H","CA",24,"SAN LUIS OBISPO","DEM",76326,76326,19446.97,47733.93,"No"
"H","PA",16,"MANHEIM","REP",659814.92,661637.87,764682.09,109719.82,"No"
"H","FL",9,"ORLANDO","DEM",535036.48,397859.83,154232.85,420036.48,"No"
"H","AZ",1,"DILKON","REP",38049,36953,35324,2725,"No"
"H","TX",15,"EDINBURG","REP",80513.11,78947.29,8500,71913.11,"No"
"H","KY",1,"FULTON","REP",180479.19,179926.2,23543.39,155479.19,"No"
"S","NV",0,"SPARKS","REP",42896,42896,1348,165,"No"
"P","US",0,"SUNRISE","GRE",8234.2,6767.32,100,7969.2,"No"
"H","LA",5,"MONROE","DEM",9364,10895.87,15618.92,9364,"No"
"H","PR",0,"GUAYNABO","OTH",409651.02,451707.43,8490.75,409651.02,"No"
"P","US",0,"SHAWNEE","IND",10347,10189,9810,537,"No"
"H","TX",15,"MCALLEN","DEM",117148.79,121000.99,42946.68,58973.12,"No"
"P","US",0,"CHICAGO","DEM",1100421.65,1100421.65,1043472.46,35390.25,"No"
"H","TX",19,"PLAINS","REP",52525,52525,6521.63,11525,"No"
"H","GA",3,"NEWNAN","REP",6859.97,6547.34,5600,1182.25,"No"
"S","NV",0,"LAS VEGAS","REP",59239,65298,1806,59239,"No"
"H","TX",19,"SLATON","REP",3550,11264.95,1600,3550,"No"
"S","NV",0,"LAS VEGAS","IND",2215,1200,2000,215,"No"
"P","US",0,"GASTONIA","DEM",62776,10418.44,25874,12651.15,"No"
"H","FL",1,"PENSACOLA","DEM",258.2,238.2,238.2,20,"No"
"H","TX",15,"MERCEDES","DEM",20363.41,19187.99,9000,11363.41,"No"
"H","MD",4,"UPPER MARLBORO","DEM",20624,20469.48,8000,12624,"No"
"H","PR",0,"SAN JUAN","OTH",26254.5,24728.45,10054.5,16200,"No"
"P","US",0,"WARWICK","DEM",418135.75,418163.8,363694.14,54441.61,"No"
"P","US",0,"ROCKFORD","REP",642,218,600,642,"No"
"S","CA",0,"TEHACHAPI","REP",48900,11761,40000,8900,"No"
"S","CA",0,"REDWOOD CITY","DEM",30949,30949,1098,20949,"No"
"P","US",0,"HOUSTON","UNK",1010,830,1,760,"No"
